Unnamed: 0,model_id,dataname,optimizer,lossfn,layers,regularization_strength,activationfn,epochs,batch_size,dropout_rate,train_accuracy,test_accuracy,time
,0.0,test_data_4_modified_small.csv,adam,huber,"['normalization', 200, 150, 100, 100, 100, 50, 20]",0.0,<keras.layers.activation.leaky_relu.LeakyReLU object at 0x000002552C8494B0>,5.0,100.0,0.2,"[3.471374988555908, 35.448097229003906]","[3.725860595703125, 41.75618362426758]",
,1.0,test_data_4_modified_small.csv,adam,huber,"['normalization', 200, 150, 100, 100, 100, 50, 20]",0.0,<keras.layers.activation.leaky_relu.LeakyReLU object at 0x00000294EC908EB0>,100.0,100.0,0.2,"[3.384917736053467, 33.546836853027344]","[3.4285027980804443, 33.133819580078125]",
,2.0,test_data_4_modified_small.csv,adam,huber,"['normalization', 200, 150, 100, 100, 100, 50, 20]",1e-06,<keras.layers.activation.leaky_relu.LeakyReLU object at 0x00000294EDEC90F0>,100.0,100.0,0.2,"[3.41265606880188, 34.584434509277344]","[3.5601601600646973, 36.93383026123047]",
,3.0,test_data_4_modified_small.csv,adam,huber,"['normalization', 200, 150, 100, 100, 100, 50, 20]",0.0001,<keras.layers.activation.leaky_relu.LeakyReLU object at 0x00000294F32D8E80>,100.0,100.0,0.2,"[3.4921226501464844, 34.80016326904297]","[3.4630043506622314, 33.67710494995117]",
,4.0,test_data_4_modified_small.csv,adam,huber,"['normalization', 200, 150, 100, 100, 100, 50, 20]",0.01,<keras.layers.activation.leaky_relu.LeakyReLU object at 0x00000294F7CEFA60>,100.0,100.0,0.2,"[3.684532880783081, 34.84983825683594]","[3.8339784145355225, 39.8378791809082]",
,5.0,test_data_4_modified_small.csv,adam,huber,"['normalization', 200, 150, 100, 100, 100, 50, 20]",10.0,<keras.layers.activation.leaky_relu.LeakyReLU object at 0x00000294FADCB6A0>,100.0,100.0,0.2,"[109.01515197753906, 35.39314651489258]","[109.0588607788086, 33.83171844482422]",
,6.0,test_data_4_modified_small.csv,adam,huber,"['normalization', 200, 'dropout', 150, 'dropout', 100, 'dropout', 100, 'dropout', 100, 'dropout', 50, 'dropout', 20]",0.0,<keras.layers.activation.leaky_relu.LeakyReLU object at 0x00000294FAD936D0>,100.0,100.0,0.2,"[3.468104600906372, 35.7965087890625]","[3.5087525844573975, 37.64204025268555]",
,7.0,test_data_4_modified_small.csv,adam,huber,"['normalization', 200, 'dropout', 150, 'dropout', 100, 'dropout', 100, 'dropout', 100, 'dropout', 50, 'dropout', 20]",1e-06,<keras.layers.activation.leaky_relu.LeakyReLU object at 0x00000294E9177E80>,100.0,100.0,0.2,"[3.4399948120117188, 34.47080993652344]","[3.5738682746887207, 37.43611145019531]",
,8.0,test_data_4_modified_small.csv,adam,huber,"['normalization', 200, 'dropout', 150, 'dropout', 100, 'dropout', 100, 'dropout', 100, 'dropout', 50, 'dropout', 20]",0.0001,<keras.layers.activation.leaky_relu.LeakyReLU object at 0x00000294F18BCB80>,100.0,100.0,0.2,"[3.5024683475494385, 35.321861267089844]","[3.6064345836639404, 36.64838790893555]",
,9.0,test_data_4_modified_small.csv,adam,huber,"['normalization', 200, 'dropout', 150, 'dropout', 100, 'dropout', 100, 'dropout', 100, 'dropout', 50, 'dropout', 20]",0.01,<keras.layers.activation.leaky_relu.LeakyReLU object at 0x00000294FACB6EC0>,100.0,100.0,0.2,"[3.650806427001953, 35.11579132080078]","[3.5526015758514404, 35.516441345214844]",
,10.0,test_data_4_modified_small.csv,adam,huber,"['normalization', 200, 'dropout', 150, 'dropout', 100, 'dropout', 100, 'dropout', 100, 'dropout', 50, 'dropout', 20]",10.0,<keras.layers.activation.leaky_relu.LeakyReLU object at 0x00000294F7568A60>,100.0,100.0,0.2,"[110.26788330078125, 35.172813415527344]","[110.3466567993164, 35.44449234008789]",
,11.0,test_data_4_modified_small.csv,adam,huber,"['normalization', 'dropout', 200, 150, 'dropout', 100, 100, 100, 'dropout', 50, 20]",0.0,<keras.layers.activation.leaky_relu.LeakyReLU object at 0x00000294FE6BB010>,100.0,100.0,0.2,"[3.715635061264038, 41.10780334472656]","[3.714618444442749, 39.049705505371094]",
,12.0,test_data_4_modified_small.csv,adam,huber,"['normalization', 'dropout', 200, 150, 'dropout', 100, 100, 100, 'dropout', 50, 20]",1e-06,<keras.layers.activation.leaky_relu.LeakyReLU object at 0x00000294F7CB2410>,100.0,100.0,0.2,"[3.4992594718933105, 36.32838821411133]","[3.574246883392334, 38.80092239379883]",
,13.0,test_data_4_modified_small.csv,adam,huber,"['normalization', 'dropout', 200, 150, 'dropout', 100, 100, 100, 'dropout', 50, 20]",0.0001,<keras.layers.activation.leaky_relu.LeakyReLU object at 0x000002949396F4C0>,100.0,100.0,0.2,"[3.5673749446868896, 37.14534378051758]","[3.5946755409240723, 36.428123474121094]",
,14.0,test_data_4_modified_small.csv,adam,huber,"['normalization', 'dropout', 200, 150, 'dropout', 100, 100, 100, 'dropout', 50, 20]",0.01,<keras.layers.activation.leaky_relu.LeakyReLU object at 0x00000294F3225E40>,100.0,100.0,0.2,"[3.7055087089538574, 35.908748626708984]","[3.661691427230835, 33.758174896240234]",
,15.0,test_data_4_modified_small.csv,adam,huber,"['normalization', 'dropout', 200, 150, 'dropout', 100, 100, 100, 'dropout', 50, 20]",10.0,<keras.layers.activation.leaky_relu.LeakyReLU object at 0x00000294FADC8C10>,100.0,100.0,0.2,"[110.61901092529297, 35.69207000732422]","[110.42650604248047, 31.131332397460938]",
,16.0,test_data_4_modified_small.csv,adam,huber,"['normalization', 'dropout', 200, 'dropout', 150, 'dropout', 100, 'dropout', 50]",0.0,<keras.layers.activation.leaky_relu.LeakyReLU object at 0x00000294EDD148E0>,100.0,100.0,0.2,"[3.462329387664795, 34.47755432128906]","[3.4478254318237305, 35.95241165161133]",
,17.0,test_data_4_modified_small.csv,adam,huber,"['normalization', 'dropout', 200, 'dropout', 150, 'dropout', 100, 'dropout', 50]",1e-06,<keras.layers.activation.leaky_relu.LeakyReLU object at 0x00000294F2AF4610>,100.0,100.0,0.2,"[3.491105318069458, 35.780235290527344]","[3.3783459663391113, 33.687538146972656]",
,18.0,test_data_4_modified_small.csv,adam,huber,"['normalization', 'dropout', 200, 'dropout', 150, 'dropout', 100, 'dropout', 50]",0.0001,<keras.layers.activation.leaky_relu.LeakyReLU object at 0x00000294EDC9B9A0>,100.0,100.0,0.2,"[3.530926465988159, 35.46913528442383]","[3.496676206588745, 34.58836364746094]",
,19.0,test_data_4_modified_small.csv,adam,huber,"['normalization', 'dropout', 200, 'dropout', 150, 'dropout', 100, 'dropout', 50]",0.01,<keras.layers.activation.leaky_relu.LeakyReLU object at 0x00000294EAFEB670>,100.0,100.0,0.2,"[3.6561050415039062, 35.799522399902344]","[3.56097412109375, 35.74028778076172]",
,20.0,test_data_4_modified_small.csv,adam,huber,"['normalization', 'dropout', 200, 'dropout', 150, 'dropout', 100, 'dropout', 50]",10.0,<keras.layers.activation.leaky_relu.LeakyReLU object at 0x00000294EDC998D0>,100.0,100.0,0.2,"[80.59051513671875, 35.068572998046875]","[80.69169616699219, 37.09614944458008]",
,21.0,test_data_4_modified_small.csv,adam,huber,"['normalization', 'dropout', 100, 'dropout', 100, 'dropout', 100, 'dropout', 100]",0.0,<keras.layers.activation.leaky_relu.LeakyReLU object at 0x00000294EAFEB670>,100.0,100.0,0.2,"[3.499457836151123, 36.75127410888672]","[3.407339096069336, 33.23911666870117]",
,22.0,test_data_4_modified_small.csv,adam,huber,"['normalization', 'dropout', 100, 'dropout', 100, 'dropout', 100, 'dropout', 100]",1e-06,<keras.layers.activation.leaky_relu.LeakyReLU object at 0x00000294F1997FA0>,100.0,100.0,0.2,"[3.482246160507202, 35.43893814086914]","[3.292902946472168, 32.577632904052734]",
,23.0,test_data_4_modified_small.csv,adam,huber,"['normalization', 'dropout', 100, 'dropout', 100, 'dropout', 100, 'dropout', 100]",0.0001,<keras.layers.activation.leaky_relu.LeakyReLU object at 0x00000294FC4D5D20>,100.0,100.0,0.2,"[3.533055067062378, 34.999752044677734]","[3.536309003829956, 36.543949127197266]",
,24.0,test_data_4_modified_small.csv,adam,huber,"['normalization', 'dropout', 100, 'dropout', 100, 'dropout', 100, 'dropout', 100]",0.01,<keras.layers.activation.leaky_relu.LeakyReLU object at 0x00000294FC4D73D0>,100.0,100.0,0.2,"[3.677842855453491, 37.7381591796875]","[3.532365322113037, 34.103736877441406]",
,25.0,test_data_4_modified_small.csv,adam,huber,"['normalization', 'dropout', 100, 'dropout', 100, 'dropout', 100, 'dropout', 100]",10.0,<keras.layers.activation.leaky_relu.LeakyReLU object at 0x00000294EFAC91E0>,100.0,100.0,0.2,"[47.43683624267578, 35.6965446472168]","[47.1825065612793, 30.91571617126465]",
,26.0,test_data_4_modified_small.csv,adam,huber,"['normalization', 100, 100, 100, 100]",0.0,<keras.layers.activation.leaky_relu.LeakyReLU object at 0x00000294F7D94D90>,100.0,100.0,0.2,"[3.4940340518951416, 33.20237350463867]","[3.4239017963409424, 32.46808624267578]",
,27.0,test_data_4_modified_small.csv,adam,huber,"['normalization', 100, 100, 100, 100]",1e-06,<keras.layers.activation.leaky_relu.LeakyReLU object at 0x00000294F1874E80>,100.0,100.0,0.2,"[3.589547872543335, 32.74372482299805]","[3.583118438720703, 33.36068344116211]",
,28.0,test_data_4_modified_small.csv,adam,huber,"['normalization', 100, 100, 100, 100]",0.0001,<keras.layers.activation.leaky_relu.LeakyReLU object at 0x00000294EFBDB1C0>,100.0,100.0,0.2,"[3.685847520828247, 33.38543701171875]","[3.6022520065307617, 28.62653160095215]",
,29.0,test_data_4_modified_small.csv,adam,huber,"['normalization', 100, 100, 100, 100]",0.01,<keras.layers.activation.leaky_relu.LeakyReLU object at 0x00000294F295CAF0>,100.0,100.0,0.2,"[3.6718335151672363, 36.81326675415039]","[3.63242244720459, 36.90829849243164]",
,30.0,test_data_4_modified_small.csv,adam,huber,"['normalization', 100, 100, 100, 100]",10.0,<keras.layers.activation.leaky_relu.LeakyReLU object at 0x00000294F32F37C0>,100.0,100.0,0.2,"[48.935489654541016, 34.87253952026367]","[49.02908706665039, 38.48313903808594]",
,31.0,test_data_4_modified_small.csv,adam,huber,"['normalization', 200, 150, 100, 100, 100, 50, 20]",0.0,<keras.layers.activation.leaky_relu.LeakyReLU object at 0x00000294EFBF14E0>,100.0,1000.0,0.2,"[3.4990618228912354, 37.07204818725586]","[3.6651687622070312, 37.60645294189453]",
,32.0,test_data_4_modified_small.csv,adam,huber,"['normalization', 200, 150, 100, 100, 100, 50, 20]",1e-06,<keras.layers.activation.leaky_relu.LeakyReLU object at 0x00000294EAFEB670>,100.0,1000.0,0.2,"[3.4599080085754395, 35.1510124206543]","[3.330280065536499, 32.01322555541992]",
,33.0,test_data_4_modified_small.csv,adam,huber,"['normalization', 200, 150, 100, 100, 100, 50, 20]",0.0001,<keras.layers.activation.leaky_relu.LeakyReLU object at 0x00000294F29E96F0>,100.0,1000.0,0.2,"[4.099132537841797, 36.153934478759766]","[4.132011413574219, 36.437259674072266]",
,34.0,test_data_4_modified_small.csv,adam,huber,"['normalization', 200, 150, 100, 100, 100, 50, 20]",0.01,<keras.layers.activation.leaky_relu.LeakyReLU object at 0x00000294F74553C0>,100.0,1000.0,0.2,"[24.356037139892578, 34.94533920288086]","[24.198078155517578, 30.062030792236328]",
,35.0,test_data_4_modified_small.csv,adam,huber,"['normalization', 200, 150, 100, 100, 100, 50, 20]",10.0,<keras.layers.activation.leaky_relu.LeakyReLU object at 0x00000294ED43FDC0>,100.0,1000.0,0.2,"[111.42306518554688, 124.57003784179688]","[111.3983154296875, 123.62355041503906]",
,36.0,test_data_4_modified_small.csv,adam,huber,"['normalization', 200, 'dropout', 150, 'dropout', 100, 'dropout', 100, 'dropout', 100, 'dropout', 50, 'dropout', 20]",0.0,<keras.layers.activation.leaky_relu.LeakyReLU object at 0x00000294FAD91BD0>,100.0,1000.0,0.2,"[5.16856050491333, 61.90788269042969]","[5.28755521774292, 64.43416595458984]",
,37.0,test_data_4_modified_small.csv,adam,huber,"['normalization', 200, 'dropout', 150, 'dropout', 100, 'dropout', 100, 'dropout', 100, 'dropout', 50, 'dropout', 20]",1e-06,<keras.layers.activation.leaky_relu.LeakyReLU object at 0x00000294FC42EE90>,100.0,1000.0,0.2,"[5.392467975616455, 65.30926513671875]","[5.385828495025635, 63.71111297607422]",
,38.0,test_data_4_modified_small.csv,adam,huber,"['normalization', 200, 'dropout', 150, 'dropout', 100, 'dropout', 100, 'dropout', 100, 'dropout', 50, 'dropout', 20]",0.0001,<keras.layers.activation.leaky_relu.LeakyReLU object at 0x00000294EDC7D570>,100.0,1000.0,0.2,"[5.929980754852295, 65.52764892578125]","[5.706989765167236, 59.25695037841797]",
,39.0,test_data_4_modified_small.csv,adam,huber,"['normalization', 200, 'dropout', 150, 'dropout', 100, 'dropout', 100, 'dropout', 100, 'dropout', 50, 'dropout', 20]",0.01,<keras.layers.activation.leaky_relu.LeakyReLU object at 0x00000294F75DBC70>,100.0,1000.0,0.2,"[21.68697166442871, 59.123348236083984]","[21.70615005493164, 57.99934768676758]",
,40.0,test_data_4_modified_small.csv,adam,huber,"['normalization', 200, 'dropout', 150, 'dropout', 100, 'dropout', 100, 'dropout', 100, 'dropout', 50, 'dropout', 20]",10.0,<keras.layers.activation.leaky_relu.LeakyReLU object at 0x00000294FE6766B0>,100.0,1000.0,0.2,"[112.5154037475586, 123.7371826171875]","[112.34822845458984, 119.49530029296875]",
,41.0,test_data_4_modified_small.csv,adam,huber,"['normalization', 'dropout', 200, 150, 'dropout', 100, 100, 100, 'dropout', 50, 20]",0.0,<keras.layers.activation.leaky_relu.LeakyReLU object at 0x00000294F7408D90>,100.0,1000.0,0.2,"[4.1552557945251465, 47.86812210083008]","[4.105982303619385, 45.33642578125]",
,42.0,test_data_4_modified_small.csv,adam,huber,"['normalization', 'dropout', 200, 150, 'dropout', 100, 100, 100, 'dropout', 50, 20]",1e-06,<keras.layers.activation.leaky_relu.LeakyReLU object at 0x00000294F7408BE0>,100.0,1000.0,0.2,"[4.2504353523254395, 48.91533279418945]","[4.462721347808838, 52.94381332397461]",
,43.0,test_data_4_modified_small.csv,adam,huber,"['normalization', 'dropout', 200, 150, 'dropout', 100, 100, 100, 'dropout', 50, 20]",0.0001,<keras.layers.activation.leaky_relu.LeakyReLU object at 0x00000294F295ECB0>,100.0,1000.0,0.2,"[4.656787395477295, 46.77161407470703]","[4.5659661293029785, 43.69000244140625]",
,44.0,test_data_4_modified_small.csv,adam,huber,"['normalization', 'dropout', 200, 150, 'dropout', 100, 100, 100, 'dropout', 50, 20]",0.01,<keras.layers.activation.leaky_relu.LeakyReLU object at 0x00000294EAFA77C0>,100.0,1000.0,0.2,"[9.708600997924805, 53.26798629760742]","[9.63693904876709, 51.8146858215332]",
,45.0,test_data_4_modified_small.csv,adam,huber,"['normalization', 'dropout', 200, 150, 'dropout', 100, 100, 100, 'dropout', 50, 20]",10.0,<keras.layers.activation.leaky_relu.LeakyReLU object at 0x00000294FC4AF640>,100.0,1000.0,0.2,"[111.99089050292969, 123.29607391357422]","[111.85186004638672, 123.48760223388672]",
,46.0,test_data_4_modified_small.csv,adam,huber,"['normalization', 'dropout', 200, 'dropout', 150, 'dropout', 100, 'dropout', 50]",0.0,<keras.layers.activation.leaky_relu.LeakyReLU object at 0x00000295019BF8E0>,100.0,1000.0,0.2,"[3.755650520324707, 41.34709167480469]","[3.6325137615203857, 40.43154525756836]",
,47.0,test_data_4_modified_small.csv,adam,huber,"['normalization', 'dropout', 200, 'dropout', 150, 'dropout', 100, 'dropout', 50]",1e-06,<keras.layers.activation.leaky_relu.LeakyReLU object at 0x00000294F18BC0D0>,100.0,1000.0,0.2,"[3.723520278930664, 40.676963806152344]","[3.970357656478882, 46.54436492919922]",
,48.0,test_data_4_modified_small.csv,adam,huber,"['normalization', 'dropout', 200, 'dropout', 150, 'dropout', 100, 'dropout', 50]",0.0001,<keras.layers.activation.leaky_relu.LeakyReLU object at 0x00000294F18BCA00>,100.0,1000.0,0.2,"[4.803570747375488, 50.93141174316406]","[4.805994987487793, 51.64695358276367]",
,49.0,test_data_4_modified_small.csv,adam,huber,"['normalization', 'dropout', 200, 'dropout', 150, 'dropout', 100, 'dropout', 50]",0.01,<keras.layers.activation.leaky_relu.LeakyReLU object at 0x00000294EC90AAA0>,100.0,1000.0,0.2,"[16.206863403320312, 58.082645416259766]","[16.051733016967773, 52.850341796875]",
,50.0,test_data_4_modified_small.csv,adam,huber,"['normalization', 'dropout', 200, 'dropout', 150, 'dropout', 100, 'dropout', 50]",10.0,<keras.layers.activation.leaky_relu.LeakyReLU object at 0x00000294F7541360>,100.0,1000.0,0.2,"[83.23204040527344, 121.68290710449219]","[83.32598876953125, 124.34290313720703]",
,51.0,test_data_4_modified_small.csv,adam,huber,"['normalization', 'dropout', 100, 'dropout', 100, 'dropout', 100, 'dropout', 100]",0.0,<keras.layers.activation.leaky_relu.LeakyReLU object at 0x00000294F18262F0>,100.0,1000.0,0.2,"[4.0983734130859375, 46.38510513305664]","[4.329652309417725, 54.80979537963867]",
,52.0,test_data_4_modified_small.csv,adam,huber,"['normalization', 'dropout', 100, 'dropout', 100, 'dropout', 100, 'dropout', 100]",1e-06,<keras.layers.activation.leaky_relu.LeakyReLU object at 0x00000294F75F29E0>,100.0,1000.0,0.2,"[3.9436235427856445, 44.31616973876953]","[3.9878482818603516, 46.001590728759766]",
,53.0,test_data_4_modified_small.csv,adam,huber,"['normalization', 'dropout', 100, 'dropout', 100, 'dropout', 100, 'dropout', 100]",0.0001,<keras.layers.activation.leaky_relu.LeakyReLU object at 0x00000294F1894B80>,100.0,1000.0,0.2,"[4.434329032897949, 47.447628021240234]","[4.311193943023682, 43.502052307128906]",
,54.0,test_data_4_modified_small.csv,adam,huber,"['normalization', 'dropout', 100, 'dropout', 100, 'dropout', 100, 'dropout', 100]",0.01,<keras.layers.activation.leaky_relu.LeakyReLU object at 0x00000294F7D96620>,100.0,1000.0,0.2,"[18.246440887451172, 58.415958404541016]","[18.284238815307617, 57.071739196777344]",
,55.0,test_data_4_modified_small.csv,adam,huber,"['normalization', 'dropout', 100, 'dropout', 100, 'dropout', 100, 'dropout', 100]",10.0,<keras.layers.activation.leaky_relu.LeakyReLU object at 0x00000294E9177E80>,100.0,1000.0,0.2,"[52.020599365234375, 120.70442199707031]","[52.15069580078125, 126.57456970214844]",
,56.0,test_data_4_modified_small.csv,adam,huber,"['normalization', 100, 100, 100, 100]",0.0,<keras.layers.activation.leaky_relu.LeakyReLU object at 0x00000294EC90A6E0>,100.0,1000.0,0.2,"[3.50211238861084, 32.83562469482422]","[3.5997414588928223, 34.344295501708984]",
,57.0,test_data_4_modified_small.csv,adam,huber,"['normalization', 100, 100, 100, 100]",1e-06,<keras.layers.activation.leaky_relu.LeakyReLU object at 0x00000294EAFA4370>,100.0,1000.0,0.2,"[3.63095760345459, 33.48375701904297]","[3.6271612644195557, 32.5994758605957]",
,58.0,test_data_4_modified_small.csv,adam,huber,"['normalization', 100, 100, 100, 100]",0.0001,<keras.layers.activation.leaky_relu.LeakyReLU object at 0x00000294ED408490>,100.0,1000.0,0.2,"[3.9193146228790283, 33.06832504272461]","[4.032820701599121, 35.06868362426758]",
,59.0,test_data_4_modified_small.csv,adam,huber,"['normalization', 100, 100, 100, 100]",0.01,<keras.layers.activation.leaky_relu.LeakyReLU object at 0x00000294F18BC0D0>,100.0,1000.0,0.2,"[23.956735610961914, 49.20842742919922]","[24.14653968811035, 52.64560317993164]",
,60.0,test_data_4_modified_small.csv,adam,huber,"['normalization', 100, 100, 100, 100]",10.0,<keras.layers.activation.leaky_relu.LeakyReLU object at 0x00000294F1876B00>,100.0,1000.0,0.2,"[55.80876159667969, 45.42890167236328]","[55.8959846496582, 45.50102233886719]",
,61.0,test_data_4_modified_small.csv,adam,huber,"['normalization', 200, 150, 100, 100, 100, 50, 20]",0.0,<keras.layers.activation.leaky_relu.LeakyReLU object at 0x000001D0601053C0>,5000.0,100.0,0.2,"[0.42523306608200073, 1.387534499168396]","[4.294590950012207, 45.80940246582031]",3133.6664106845856
,62.0,test_data_4_modified_small.csv,adam,huber,"['normalization', 200, 150, 100, 100, 100, 50, 20]",0.01,<keras.layers.activation.leaky_relu.LeakyReLU object at 0x000001D060105B70>,5000.0,100.0,0.2,"[3.593456983566284, 34.56492614746094]","[3.601576566696167, 34.76788330078125]",1811.9660534858704
,63.0,test_data_4_modified_small.csv,adam,huber,"['normalization', 200, 150, 100, 100, 100, 50, 20]",10.0,<keras.layers.activation.leaky_relu.LeakyReLU object at 0x000001D00706F490>,5000.0,100.0,0.2,"[110.94944763183594, 35.26110076904297]","[110.96990203857422, 35.040191650390625]",2045.44402718544
,64.0,test_data_4_modified_small.csv,adam,huber,"['normalization', 200, 'dropout', 150, 'dropout', 100, 'dropout', 100, 'dropout', 100, 'dropout', 50, 'dropout', 20]",0.0,<keras.layers.activation.leaky_relu.LeakyReLU object at 0x000001D07DF4A6E0>,5000.0,100.0,0.2,"[3.113135576248169, 30.2528076171875]","[3.274691343307495, 32.11635208129883]",3195.5312509536743
,65.0,test_data_4_modified_small.csv,adam,huber,"['normalization', 200, 'dropout', 150, 'dropout', 100, 'dropout', 100, 'dropout', 100, 'dropout', 50, 'dropout', 20]",0.01,<keras.layers.activation.leaky_relu.LeakyReLU object at 0x000001D07C813C10>,5000.0,100.0,0.2,"[3.5945537090301514, 35.11478042602539]","[3.63657546043396, 36.106605529785156]",3164.143265247345
,66.0,test_data_4_modified_small.csv,adam,huber,"['normalization', 200, 'dropout', 150, 'dropout', 100, 'dropout', 100, 'dropout', 100, 'dropout', 50, 'dropout', 20]",10.0,<keras.layers.activation.leaky_relu.LeakyReLU object at 0x000001D07CD6AB60>,5000.0,100.0,0.2,"[110.22691345214844, 35.38615417480469]","[110.20148468017578, 34.01438522338867]",3159.9221239089966
,67.0,test_data_4_modified_small.csv,adam,huber,"['normalization', 'dropout', 200, 150, 'dropout', 100, 100, 100, 'dropout', 50, 20]",0.0,<keras.layers.activation.leaky_relu.LeakyReLU object at 0x000001D08732D0C0>,5000.0,100.0,0.2,"[3.2636828422546387, 31.95351791381836]","[3.350633382797241, 32.23796081542969]",2575.383887529373
,68.0,test_data_4_modified_small.csv,adam,huber,"['normalization', 'dropout', 200, 150, 'dropout', 100, 100, 100, 'dropout', 50, 20]",0.01,<keras.layers.activation.leaky_relu.LeakyReLU object at 0x000001D07E79D630>,5000.0,100.0,0.2,"[3.605980634689331, 35.438838958740234]","[3.5313713550567627, 32.9140625]",2578.487231016159
,69.0,test_data_4_modified_small.csv,adam,huber,"['normalization', 'dropout', 200, 150, 'dropout', 100, 100, 100, 'dropout', 50, 20]",10.0,<keras.layers.activation.leaky_relu.LeakyReLU object at 0x000001D0629CC4C0>,5000.0,100.0,0.2,"[109.25043487548828, 35.49127960205078]","[109.09880065917969, 32.9985466003418]",2590.7291481494904
,70.0,test_data_4_modified_small.csv,adam,huber,"['normalization', 'dropout', 200, 'dropout', 150, 'dropout', 100, 'dropout', 50]",0.0,<keras.layers.activation.leaky_relu.LeakyReLU object at 0x000001D07E676CE0>,5000.0,100.0,0.2,"[3.3693044185638428, 33.39567184448242]","[3.503300905227661, 34.60858154296875]",2483.146032810211
,71.0,test_data_4_modified_small.csv,adam,huber,"['normalization', 'dropout', 200, 'dropout', 150, 'dropout', 100, 'dropout', 50]",0.01,<keras.layers.activation.leaky_relu.LeakyReLU object at 0x000001D063765CC0>,5000.0,100.0,0.2,"[3.5590715408325195, 34.732181549072266]","[3.779552459716797, 39.56743621826172]",2475.297321081161
,72.0,test_data_4_modified_small.csv,adam,huber,"['normalization', 'dropout', 200, 'dropout', 150, 'dropout', 100, 'dropout', 50]",10.0,<keras.layers.activation.leaky_relu.LeakyReLU object at 0x000001D07F05A290>,5000.0,100.0,0.2,"[80.44981384277344, 35.70492172241211]","[80.27037811279297, 31.115535736083984]",2465.7558534145355
,73.0,test_data_4_modified_small.csv,adam,huber,"['normalization', 'dropout', 100, 'dropout', 100, 'dropout', 100, 'dropout', 100]",0.0,<keras.layers.activation.leaky_relu.LeakyReLU object at 0x000001D062B9EE60>,5000.0,100.0,0.2,"[3.3876452445983887, 33.97157669067383]","[3.5378334522247314, 36.79636764526367]",1971.7192823886871
,74.0,test_data_4_modified_small.csv,adam,huber,"['normalization', 'dropout', 100, 'dropout', 100, 'dropout', 100, 'dropout', 100]",0.01,<keras.layers.activation.leaky_relu.LeakyReLU object at 0x000001D05D280BB0>,5000.0,100.0,0.2,"[3.559161901473999, 35.50653839111328]","[3.4601597785949707, 32.89303970336914]",1960.5541789531708
,75.0,test_data_4_modified_small.csv,adam,huber,"['normalization', 'dropout', 100, 'dropout', 100, 'dropout', 100, 'dropout', 100]",10.0,<keras.layers.activation.leaky_relu.LeakyReLU object at 0x000001D0F7E509D0>,5000.0,100.0,0.2,"[47.64468765258789, 35.04266357421875]","[47.739227294921875, 36.70635223388672]",1903.2122027873995
,76.0,test_data_4_modified_small.csv,adam,huber,"['normalization', 100, 100, 100, 100]",0.0,<keras.layers.activation.leaky_relu.LeakyReLU object at 0x000001D0636E8F70>,5000.0,100.0,0.2,"[1.3706016540527344, 9.886838912963867]","[4.40376615524292, 46.35032653808594]",1178.5209052562714
,77.0,test_data_4_modified_small.csv,adam,huber,"['normalization', 100, 100, 100, 100]",0.01,<keras.layers.activation.leaky_relu.LeakyReLU object at 0x000001D07CDFA290>,5000.0,100.0,0.2,"[3.530355453491211, 33.887733459472656]","[3.6221513748168945, 37.31272506713867]",1198.8043699264526
,78.0,test_data_4_modified_small.csv,adam,huber,"['normalization', 100, 100, 100, 100]",10.0,<keras.layers.activation.leaky_relu.LeakyReLU object at 0x000001D07DF486D0>,5000.0,100.0,0.2,"[48.822532653808594, 35.32159423828125]","[48.60038757324219, 33.696720123291016]",1226.3852276802063
,79.0,test_data_4_modified_small.csv,adam,huber,"['normalization', 200, 150, 100, 100, 100, 50, 20]",0.0,<keras.layers.activation.leaky_relu.LeakyReLU object at 0x000001D07DF488B0>,5000.0,1000.0,0.2,"[0.6230554580688477, 4.288841247558594]","[4.5175461769104, 48.35380554199219]",587.2864634990692
,80.0,test_data_4_modified_small.csv,adam,huber,"['normalization', 200, 150, 100, 100, 100, 50, 20]",0.01,<keras.layers.activation.leaky_relu.LeakyReLU object at 0x000001D006D6BD30>,5000.0,1000.0,0.2,"[3.5892484188079834, 34.39018249511719]","[3.504486560821533, 31.669658660888672]",601.135153055191
,81.0,test_data_4_modified_small.csv,adam,huber,"['normalization', 200, 150, 100, 100, 100, 50, 20]",10.0,<keras.layers.activation.leaky_relu.LeakyReLU object at 0x000001D07CE3D030>,5000.0,1000.0,0.2,"[110.01055145263672, 35.43902587890625]","[109.89515686035156, 33.135982513427734]",588.8944218158722
,82.0,test_data_4_modified_small.csv,adam,huber,"['normalization', 200, 'dropout', 150, 'dropout', 100, 'dropout', 100, 'dropout', 100, 'dropout', 50, 'dropout', 20]",0.0,<keras.layers.activation.leaky_relu.LeakyReLU object at 0x000001D0636228F0>,5000.0,1000.0,0.2,"[2.8805315494537354, 27.52891731262207]","[3.276376485824585, 29.448820114135742]",796.6366350650787
,83.0,test_data_4_modified_small.csv,adam,huber,"['normalization', 200, 'dropout', 150, 'dropout', 100, 'dropout', 100, 'dropout', 100, 'dropout', 50, 'dropout', 20]",0.01,<keras.layers.activation.leaky_relu.LeakyReLU object at 0x000001D07CD6A890>,5000.0,1000.0,0.2,"[3.6156890392303467, 35.452816009521484]","[3.447300434112549, 33.5014762878418]",792.5595774650574
,84.0,test_data_4_modified_small.csv,adam,huber,"['normalization', 200, 'dropout', 150, 'dropout', 100, 'dropout', 100, 'dropout', 100, 'dropout', 50, 'dropout', 20]",10.0,<keras.layers.activation.leaky_relu.LeakyReLU object at 0x000001D097C36A40>,5000.0,1000.0,0.2,"[109.68661499023438, 34.569026947021484]","[109.9122543334961, 41.17873001098633]",795.2885756492615
,85.0,test_data_4_modified_small.csv,adam,huber,"['normalization', 'dropout', 200, 150, 'dropout', 100, 100, 100, 'dropout', 50, 20]",0.0,<keras.layers.activation.leaky_relu.LeakyReLU object at 0x000001D07CED8850>,5000.0,1000.0,0.2,"[3.062119722366333, 30.729806900024414]","[3.5079052448272705, 34.69684600830078]",684.4265496730804
,86.0,test_data_4_modified_small.csv,adam,huber,"['normalization', 'dropout', 200, 150, 'dropout', 100, 100, 100, 'dropout', 50, 20]",0.01,<keras.layers.activation.leaky_relu.LeakyReLU object at 0x000001D07D216020>,5000.0,1000.0,0.2,"[3.5982284545898438, 35.16392517089844]","[3.6007916927337646, 35.569217681884766]",698.3038623332977
,87.0,test_data_4_modified_small.csv,adam,huber,"['normalization', 'dropout', 200, 150, 'dropout', 100, 100, 100, 'dropout', 50, 20]",10.0,<keras.layers.activation.leaky_relu.LeakyReLU object at 0x000001D0629A0250>,5000.0,1000.0,0.2,"[110.08235168457031, 35.00868606567383]","[110.23182678222656, 37.09619903564453]",697.8109931945801
,88.0,test_data_4_modified_small.csv,adam,huber,"['normalization', 'dropout', 200, 'dropout', 150, 'dropout', 100, 'dropout', 50]",0.0,<keras.layers.activation.leaky_relu.LeakyReLU object at 0x000001D07CE8F940>,5000.0,1000.0,0.2,"[3.382481336593628, 33.97322082519531]","[3.390751600265503, 33.47260665893555]",543.9783942699432
,89.0,test_data_4_modified_small.csv,adam,huber,"['normalization', 'dropout', 200, 'dropout', 150, 'dropout', 100, 'dropout', 50]",0.01,<keras.layers.activation.leaky_relu.LeakyReLU object at 0x000001D07DF77E80>,5000.0,1000.0,0.2,"[3.61830472946167, 36.54789733886719]","[3.424910545349121, 33.0514030456543]",560.4158565998077
,90.0,test_data_4_modified_small.csv,adam,huber,"['normalization', 'dropout', 200, 'dropout', 150, 'dropout', 100, 'dropout', 50]",10.0,<keras.layers.activation.leaky_relu.LeakyReLU object at 0x000001D05D280A60>,5000.0,1000.0,0.2,"[79.9707260131836, 35.52188491821289]","[79.8392562866211, 32.41645050048828]",860.1504211425781
,91.0,test_data_4_modified_small.csv,adam,huber,"['normalization', 'dropout', 100, 'dropout', 100, 'dropout', 100, 'dropout', 100]",0.0,<keras.layers.activation.leaky_relu.LeakyReLU object at 0x000001D07CE8F100>,5000.0,1000.0,0.2,"[3.3776679039001465, 33.66067123413086]","[3.503615617752075, 35.903114318847656]",1262.164610862732
,92.0,test_data_4_modified_small.csv,adam,huber,"['normalization', 'dropout', 100, 'dropout', 100, 'dropout', 100, 'dropout', 100]",0.01,<keras.layers.activation.leaky_relu.LeakyReLU object at 0x000001D05D280BB0>,5000.0,1000.0,0.2,"[3.644054412841797, 38.235172271728516]","[3.639366626739502, 38.46535873413086]",719.4161014556885
,93.0,test_data_4_modified_small.csv,adam,huber,"['normalization', 'dropout', 100, 'dropout', 100, 'dropout', 100, 'dropout', 100]",10.0,<keras.layers.activation.leaky_relu.LeakyReLU object at 0x000001D00706F490>,5000.0,1000.0,0.2,"[47.95584487915039, 35.41073989868164]","[47.8975715637207, 33.63530349731445]",693.7917973995209
,94.0,test_data_4_modified_small.csv,adam,huber,"['normalization', 100, 100, 100, 100]",0.0,<keras.layers.activation.leaky_relu.LeakyReLU object at 0x000001D07CE3FA90>,5000.0,1000.0,0.2,"[1.7850937843322754, 16.126413345336914]","[4.116990566253662, 40.78247833251953]",2531.2348873615265
,95.0,test_data_4_modified_small.csv,adam,huber,"['normalization', 100, 100, 100, 100]",0.01,<keras.layers.activation.leaky_relu.LeakyReLU object at 0x000001D07CED95A0>,5000.0,1000.0,0.2,"[3.5313851833343506, 35.12294006347656]","[3.3573994636535645, 32.375762939453125]",1565.07767868042
,96.0,test_data_4_modified_small.csv,adam,huber,"['normalization', 100, 100, 100, 100]",10.0,<keras.layers.activation.leaky_relu.LeakyReLU object at 0x000001D07CEDA2F0>,5000.0,1000.0,0.2,"[48.206634521484375, 34.73387908935547]","[48.43807601928711, 40.128719329833984]",1094.894624710083
,97.0,test_data_4_modified_small.csv,adam,huber,"['normalization', 200, 'dropout', 150, 'dropout', 100, 'dropout', 100, 'dropout', 100, 'dropout', 50, 'dropout', 20]",0.0,<keras.layers.activation.leaky_relu.LeakyReLU object at 0x000001F06FE04D60>,5000.0,1000.0,0.2,"[2.9086384773254395, 28.0606746673584]","[3.4192090034484863, 32.313568115234375]",919.1091377735138
,98.0,test_data_4_modified_small.csv,adam,huber,"['normalization', 200, 'dropout', 150, 'dropout', 100, 'dropout', 100, 'dropout', 100, 'dropout', 50, 'dropout', 20]",0.01,<keras.layers.activation.leaky_relu.LeakyReLU object at 0x000001F06FE05510>,5000.0,1000.0,0.2,"[3.6022093296051025, 35.26802062988281]","[3.5685014724731445, 34.68175506591797]",910.652782678604
,99.0,test_data_4_modified_small.csv,adam,huber,"['normalization', 200, 'dropout', 150, 'dropout', 100, 'dropout', 100, 'dropout', 100, 'dropout', 50, 'dropout', 20]",0.0,<keras.layers.activation.leaky_relu.LeakyReLU object at 0x000001F06C577D90>,5000.0,1000.0,0.4,"[3.2490906715393066, 32.54474639892578]","[3.2785658836364746, 33.33567810058594]",879.8589465618134
,100.0,test_data_4_modified_small.csv,adam,huber,"['normalization', 200, 'dropout', 150, 'dropout', 100, 'dropout', 100, 'dropout', 100, 'dropout', 50, 'dropout', 20]",0.01,<keras.layers.activation.leaky_relu.LeakyReLU object at 0x000001F06F7D9C90>,5000.0,1000.0,0.4,"[3.5883560180664062, 35.04035568237305]","[3.6910240650177, 37.19514083862305]",864.2857627868652
,101.0,test_data_4_modified_small.csv,adam,huber,"['normalization', 200, 'dropout', 150, 'dropout', 100, 'dropout', 100, 'dropout', 100, 'dropout', 50, 'dropout', 20]",0.0,<keras.layers.activation.leaky_relu.LeakyReLU object at 0x000001F0783A7730>,5000.0,1000.0,0.6,"[3.3689770698547363, 33.54948806762695]","[3.3604066371917725, 32.241275787353516]",844.7725620269775
,102.0,test_data_4_modified_small.csv,adam,huber,"['normalization', 200, 'dropout', 150, 'dropout', 100, 'dropout', 100, 'dropout', 100, 'dropout', 50, 'dropout', 20]",0.01,<keras.layers.activation.leaky_relu.LeakyReLU object at 0x000001F072239270>,5000.0,1000.0,0.6,"[3.589402675628662, 35.02001953125]","[3.6777188777923584, 37.052852630615234]",860.3513584136963
,103.0,test_data_4_modified_small.csv,adam,mean_absolute_error,"['normalization', 200, 'dropout', 150, 'dropout', 100, 'dropout', 100, 'dropout', 100, 'dropout', 50, 'dropout', 20]",0.0,<keras.layers.activation.leaky_relu.LeakyReLU object at 0x000001F0783A78E0>,5000.0,1000.0,0.2,"[3.4837803840637207, 29.59443473815918]","[3.8362743854522705, 35.829402923583984]",850.0684626102448
,104.0,test_data_4_modified_small.csv,adam,mean_absolute_error,"['normalization', 200, 'dropout', 150, 'dropout', 100, 'dropout', 100, 'dropout', 100, 'dropout', 50, 'dropout', 20]",0.01,<keras.layers.activation.leaky_relu.LeakyReLU object at 0x000001F081E9EF50>,5000.0,1000.0,0.2,"[4.02855110168457, 35.0967903137207]","[4.112311363220215, 33.5765266418457]",865.5735421180725
,105.0,test_data_4_modified_small.csv,adam,mean_absolute_error,"['normalization', 200, 'dropout', 150, 'dropout', 100, 'dropout', 100, 'dropout', 100, 'dropout', 50, 'dropout', 20]",0.0,<keras.layers.activation.leaky_relu.LeakyReLU object at 0x000001F0728C9A80>,5000.0,1000.0,0.4,"[3.7599313259124756, 33.214412689208984]","[3.8353428840637207, 35.27785110473633]",847.9605782032013
,106.0,test_data_4_modified_small.csv,adam,mean_absolute_error,"['normalization', 200, 'dropout', 150, 'dropout', 100, 'dropout', 100, 'dropout', 100, 'dropout', 50, 'dropout', 20]",0.01,<keras.layers.activation.leaky_relu.LeakyReLU object at 0x000001F072828FD0>,5000.0,1000.0,0.4,"[4.055819034576416, 35.16632843017578]","[3.8680002689361572, 32.855194091796875]",875.6576902866364
,107.0,test_data_4_modified_small.csv,adam,mean_absolute_error,"['normalization', 200, 'dropout', 150, 'dropout', 100, 'dropout', 100, 'dropout', 100, 'dropout', 50, 'dropout', 20]",0.0,<keras.layers.activation.leaky_relu.LeakyReLU object at 0x000001F073761480>,5000.0,1000.0,0.6,"[3.8673996925354004, 34.477874755859375]","[4.070672988891602, 39.06822204589844]",852.4424967765808
,108.0,test_data_4_modified_small.csv,adam,mean_absolute_error,"['normalization', 200, 'dropout', 150, 'dropout', 100, 'dropout', 100, 'dropout', 100, 'dropout', 50, 'dropout', 20]",0.01,<keras.layers.activation.leaky_relu.LeakyReLU object at 0x000001F07364F760>,5000.0,1000.0,0.6,"[4.033144950866699, 35.1136360168457]","[4.03167724609375, 33.35826873779297]",855.7055668830872
,109.0,test_data_4_modified_small.csv,adam,mean_squared_error,"['normalization', 200, 'dropout', 150, 'dropout', 100, 'dropout', 100, 'dropout', 100, 'dropout', 50, 'dropout', 20]",0.0,<keras.layers.activation.leaky_relu.LeakyReLU object at 0x000001F0783E1030>,5000.0,1000.0,0.2,"[26.228246688842773, 26.228246688842773]","[34.95243453979492, 34.95243453979492]",837.7204034328461
,110.0,test_data_4_modified_small.csv,adam,mean_squared_error,"['normalization', 200, 'dropout', 150, 'dropout', 100, 'dropout', 100, 'dropout', 100, 'dropout', 50, 'dropout', 20]",0.01,<keras.layers.activation.leaky_relu.LeakyReLU object at 0x000001F0794DF430>,5000.0,1000.0,0.2,"[33.30851364135742, 33.147403717041016]","[39.67989730834961, 39.5187873840332]",862.367345571518
,111.0,test_data_4_modified_small.csv,adam,mean_squared_error,"['normalization', 200, 'dropout', 150, 'dropout', 100, 'dropout', 100, 'dropout', 100, 'dropout', 50, 'dropout', 20]",0.0,<keras.layers.activation.leaky_relu.LeakyReLU object at 0x000001F06E4EB580>,5000.0,1000.0,0.4,"[31.173738479614258, 31.173738479614258]","[30.192798614501953, 30.192798614501953]",843.4752511978149
,112.0,test_data_4_modified_small.csv,adam,mean_squared_error,"['normalization', 200, 'dropout', 150, 'dropout', 100, 'dropout', 100, 'dropout', 100, 'dropout', 50, 'dropout', 20]",0.01,<keras.layers.activation.leaky_relu.LeakyReLU object at 0x000001F081FF5FC0>,5000.0,1000.0,0.4,"[33.661293029785156, 33.55817413330078]","[36.33623123168945, 36.23310852050781]",853.0325863361359
,113.0,test_data_4_modified_small.csv,adam,mean_squared_error,"['normalization', 200, 'dropout', 150, 'dropout', 100, 'dropout', 100, 'dropout', 100, 'dropout', 50, 'dropout', 20]",0.0,<keras.layers.activation.leaky_relu.LeakyReLU object at 0x000001F0729E74C0>,5000.0,1000.0,0.6,"[32.14809799194336, 32.14809799194336]","[34.279056549072266, 34.279056549072266]",837.1420583724976
,114.0,test_data_4_modified_small.csv,adam,mean_squared_error,"['normalization', 200, 'dropout', 150, 'dropout', 100, 'dropout', 100, 'dropout', 100, 'dropout', 50, 'dropout', 20]",0.01,<keras.layers.activation.leaky_relu.LeakyReLU object at 0x000001F072879840>,5000.0,1000.0,0.6,"[33.49121856689453, 33.37506866455078]","[37.995296478271484, 37.879154205322266]",848.0573229789734
,115.0,test_data_4_modified_small.csv,adam,huber,"['normalization', 200, 'dropout', 150, 'dropout', 100, 'dropout', 100, 'dropout', 100, 'dropout', 50, 'dropout', 20]",0.0,<keras.layers.activation.leaky_relu.LeakyReLU object at 0x0000023D22404CA0>,20000.0,1000.0,0.0,"[0.2540110945701599, 0.7398073673248291]","[4.551033020019531, 51.83858871459961]",5366.497026443481
,116.0,test_data_4_modified_small.csv,adam,huber,"['normalization', 200, 'dropout', 150, 'dropout', 100, 'dropout', 100, 'dropout', 100, 'dropout', 50, 'dropout', 20]",0.0,<keras.layers.activation.leaky_relu.LeakyReLU object at 0x0000023D22405450>,20000.0,1000.0,0.4,"[2.994286298751831, 28.708280563354492]","[3.475507974624634, 35.79982376098633]",45285.02046537399
,117.0,test_data_4_modified_small.csv,adam,mean_squared_error,"['normalization', 200, 'dropout', 150, 'dropout', 100, 'dropout', 100, 'dropout', 100, 'dropout', 50, 'dropout', 20]",0.0,<keras.layers.activation.leaky_relu.LeakyReLU object at 0x0000023D324F1AE0>,20000.0,1000.0,0.0,"[0.028102349489927292, 0.028102349489927292]","[45.52229309082031, 45.52229309082031]",2797.7026178836823
,118.0,test_data_4_modified_small.csv,adam,mean_squared_error,"['normalization', 200, 'dropout', 150, 'dropout', 100, 'dropout', 100, 'dropout', 100, 'dropout', 50, 'dropout', 20]",0.0,<keras.layers.activation.leaky_relu.LeakyReLU object at 0x0000023D366ADA80>,20000.0,1000.0,0.4,"[27.96874237060547, 27.96874237060547]","[31.093982696533203, 31.093982696533203]",3884.571015357971
,119.0,test_data_4_modified_small.csv,adam,mean_squared_error,"['normalization', 'dropout', 200, 'dropout', 150, 'dropout', 100, 'dropout', 100, 'dropout', 100, 'dropout', 50, 'dropout', 20]",0.0,<keras.layers.activation.leaky_relu.LeakyReLU object at 0x0000026D12609030>,20000.0,1000.0,0.2,"[29.463777542114258, 29.463777542114258]","[31.388317108154297, 31.388317108154297]",8473.363946914673
,120.0,test_data_4_modified_small.csv,adam,mean_squared_error,"['normalization', 'dropout', 300, 'dropout', 200, 'dropout', 150, 'dropout', 150, 'dropout', 100, 'dropout', 100, 'dropout', 50, 'dropout', 20]",0.0,<keras.layers.activation.leaky_relu.LeakyReLU object at 0x0000026D126097E0>,20000.0,1000.0,0.2,"[33.193302154541016, 33.193302154541016]","[35.8687629699707, 35.8687629699707]",10991.797603845596
,121.0,test_data_4_modified_small.csv,adam,mean_squared_error,"['normalization', 'dropout', 200, 'dropout', 150, 'dropout', 100, 'dropout', 100, 'dropout', 100, 'dropout', 50, 'dropout', 20]",0.0,<keras.layers.activation.leaky_relu.LeakyReLU object at 0x0000026D14A8E470>,20000.0,1000.0,0.4,"[32.53432083129883, 32.53432083129883]","[36.01661682128906, 36.01661682128906]",14409.197109937668
,122.0,test_data_4_modified_small.csv,adam,mean_squared_error,"['normalization', 'dropout', 300, 'dropout', 200, 'dropout', 150, 'dropout', 150, 'dropout', 100, 'dropout', 100, 'dropout', 50, 'dropout', 20]",0.0,<keras.layers.activation.leaky_relu.LeakyReLU object at 0x0000026D14A63AF0>,20000.0,1000.0,0.4,"[33.176605224609375, 33.176605224609375]","[34.27531814575195, 34.27531814575195]",6736.889317989349
,123.0,test_data_4_modified_small.csv,adam,mean_squared_error,"['normalization', 'dropout', 200, 'dropout', 150, 'dropout', 100, 'dropout', 100, 'dropout', 100, 'dropout', 50, 'dropout', 20]",0.0,<keras.layers.activation.leaky_relu.LeakyReLU object at 0x0000026D23382530>,20000.0,1000.0,0.8,"[33.91923904418945, 33.91923904418945]","[32.97956466674805, 32.97956466674805]",3829.2093019485474
,124.0,test_data_4_modified_small.csv,adam,mean_squared_error,"['normalization', 'dropout', 300, 'dropout', 200, 'dropout', 150, 'dropout', 150, 'dropout', 100, 'dropout', 100, 'dropout', 50, 'dropout', 20]",0.0,<keras.layers.activation.leaky_relu.LeakyReLU object at 0x0000026D2694BA60>,20000.0,1000.0,0.8,"[33.694488525390625, 33.694488525390625]","[35.00022888183594, 35.00022888183594]",5012.656717538834
,125.0,test_data_5_modified.csv,adam,mean_squared_error,"['normalization', 'dropout', 200, 'dropout', 150, 'dropout', 100, 'dropout', 100, 'dropout', 100, 'dropout', 50, 'dropout', 20]",0.0,<keras.layers.activation.leaky_relu.LeakyReLU object at 0x00000278EABFDBD0>,20000.0,1000.0,0.0,"[61.1009521484375, 61.1009521484375]","[57.34173583984375, 57.34173583984375]",4094.727607727051
,126.0,test_data_5_modified.csv,adam,mean_squared_error,"['normalization', 'dropout', 200, 'dropout', 150, 'dropout', 100, 'dropout', 100, 'dropout', 100, 'dropout', 50, 'dropout', 20]",0.0,<keras.layers.activation.leaky_relu.LeakyReLU object at 0x00000278EABFE350>,20000.0,1000.0,0.2,"[33.769561767578125, 33.769561767578125]","[34.59989547729492, 34.59989547729492]",4161.056355714798
,127.0,test_data_5_modified.csv,adam,mean_squared_error,"['normalization', 'dropout', 200, 'dropout', 150, 'dropout', 100, 'dropout', 100, 'dropout', 100, 'dropout', 50, 'dropout', 20]",0.0,<keras.layers.activation.leaky_relu.LeakyReLU object at 0x00000278EBEF6590>,20000.0,1000.0,0.4,"[36.513919830322266, 36.513919830322266]","[36.63813781738281, 36.63813781738281]",4139.086065292358
,128.0,test_data_5_modified.csv,adam,huber,"['normalization', 'dropout', 200, 'dropout', 150, 'dropout', 100, 'dropout', 100, 'dropout', 100, 'dropout', 50, 'dropout', 20]",0.0,<keras.layers.activation.leaky_relu.LeakyReLU object at 0x00000278EA349D80>,20000.0,1000.0,0.0,"[0.2800682485103607, 1.3617970943450928]","[4.440696716308594, 46.804481506347656]",2837.408289194107
,129.0,test_data_5_modified.csv,adam,huber,"['normalization', 'dropout', 200, 'dropout', 150, 'dropout', 100, 'dropout', 100, 'dropout', 100, 'dropout', 50, 'dropout', 20]",0.0,<keras.layers.activation.leaky_relu.LeakyReLU object at 0x00000278FF0DF250>,20000.0,1000.0,0.2,"[3.2920777797698975, 33.08626937866211]","[3.493947982788086, 35.23674774169922]",4117.477854728699
,130.0,test_data_5_modified.csv,adam,huber,"['normalization', 'dropout', 200, 'dropout', 150, 'dropout', 100, 'dropout', 100, 'dropout', 100, 'dropout', 50, 'dropout', 20]",0.0,<keras.layers.activation.leaky_relu.LeakyReLU object at 0x00000278FF0DF100>,20000.0,1000.0,0.4,"[3.44911789894104, 34.80478286743164]","[3.3014330863952637, 30.453847885131836]",4112.800709962845
,131.0,test_data_5_modified_small.csv,adam,mean_squared_error,"['normalization', 'dropout', 200, 'dropout', 150, 'dropout', 100, 'dropout', 100, 'dropout', 100, 'dropout', 50, 'dropout', 20]",0.0,<keras.layers.activation.leaky_relu.LeakyReLU object at 0x00000278F3A732B0>,20000.0,1000.0,0.0,"[0.011995323933660984, 0.011995323933660984]","[48.212520599365234, 48.212520599365234]",2866.39422416687
,132.0,test_data_5_modified_small.csv,adam,mean_squared_error,"['normalization', 'dropout', 200, 'dropout', 150, 'dropout', 100, 'dropout', 100, 'dropout', 100, 'dropout', 50, 'dropout', 20]",0.0,<keras.layers.activation.leaky_relu.LeakyReLU object at 0x00000278FECFC400>,20000.0,1000.0,0.2,"[28.651227951049805, 28.651227951049805]","[36.287086486816406, 36.287086486816406]",3939.33135676384
,133.0,test_data_5_modified_small.csv,adam,mean_squared_error,"['normalization', 'dropout', 200, 'dropout', 150, 'dropout', 100, 'dropout', 100, 'dropout', 100, 'dropout', 50, 'dropout', 20]",0.0,<keras.layers.activation.leaky_relu.LeakyReLU object at 0x0000027891D77DC0>,20000.0,1000.0,0.4,"[32.959720611572266, 32.959720611572266]","[30.543230056762695, 30.543230056762695]",3965.070480108261
,134.0,test_data_5_modified_small.csv,adam,huber,"['normalization', 'dropout', 200, 'dropout', 150, 'dropout', 100, 'dropout', 100, 'dropout', 100, 'dropout', 50, 'dropout', 20]",0.0,<keras.layers.activation.leaky_relu.LeakyReLU object at 0x00000278EBF21D50>,20000.0,1000.0,0.0,"[0.10247904062271118, 0.27335551381111145]","[4.493641376495361, 47.961143493652344]",2863.266275882721
,135.0,test_data_5_modified_small.csv,adam,huber,"['normalization', 'dropout', 200, 'dropout', 150, 'dropout', 100, 'dropout', 100, 'dropout', 100, 'dropout', 50, 'dropout', 20]",0.0,<keras.layers.activation.leaky_relu.LeakyReLU object at 0x00000278EA34A2C0>,20000.0,1000.0,0.2,"[3.1773579120635986, 31.327116012573242]","[3.3462250232696533, 30.9169979095459]",4021.9302592277527
,136.0,test_data_5_modified_small.csv,adam,huber,"['normalization', 'dropout', 200, 'dropout', 150, 'dropout', 100, 'dropout', 100, 'dropout', 100, 'dropout', 50, 'dropout', 20]",0.0,<keras.layers.activation.leaky_relu.LeakyReLU object at 0x00000278FEC85900>,20000.0,1000.0,0.4,"[3.43284010887146, 35.060638427734375]","[3.3677549362182617, 34.774356842041016]",9997.918942928314
,137.0,test_data_5_modified.csv,adam,mean_squared_error,"['normalization', 'dropout', 200, 'dropout', 150, 'dropout', 100, 'dropout', 100, 'dropout', 100, 'dropout', 50, 'dropout', 20]",0.0,<keras.layers.activation.leaky_relu.LeakyReLU object at 0x0000017F2E9FDC00>,20000.0,1000.0,0.1,"[490.3927917480469, 490.3927917480469]","[442.46722412109375, 442.46722412109375]",4483.7180898189545
,138.0,test_data_5_modified.csv,adam,mean_squared_error,"['normalization', 'dropout', 200, 'dropout', 150, 'dropout', 100, 'dropout', 100, 'dropout', 100, 'dropout', 50, 'dropout', 20]",0.0,<keras.layers.activation.leaky_relu.LeakyReLU object at 0x0000017F315795A0>,20000.0,1000.0,0.2,"[35.88652420043945, 35.88652420043945]","[31.73568344116211, 31.73568344116211]",3467.815093755722
,139.0,test_data_5_modified.csv,adam,mean_squared_error,"['normalization', 'dropout', 200, 'dropout', 150, 'dropout', 100, 'dropout', 100, 'dropout', 100, 'dropout', 50, 'dropout', 20]",0.0,<keras.layers.activation.leaky_relu.LeakyReLU object at 0x0000017F34276890>,20000.0,1000.0,0.3,"[33.597801208496094, 33.597801208496094]","[35.937744140625, 35.937744140625]",3401.07179927826
,140.0,test_data_5_modified.csv,adam,huber,"['normalization', 'dropout', 200, 'dropout', 150, 'dropout', 100, 'dropout', 100, 'dropout', 100, 'dropout', 50, 'dropout', 20]",0.0,<keras.layers.activation.leaky_relu.LeakyReLU object at 0x0000017F31F3C370>,20000.0,1000.0,0.1,"[2.6442344188690186, 24.365848541259766]","[3.2913262844085693, 30.642759323120117]",3495.633966445923
,141.0,test_data_5_modified.csv,adam,huber,"['normalization', 'dropout', 200, 'dropout', 150, 'dropout', 100, 'dropout', 100, 'dropout', 100, 'dropout', 50, 'dropout', 20]",0.0,<keras.layers.activation.leaky_relu.LeakyReLU object at 0x0000017F34257070>,20000.0,1000.0,0.2,"[3.321474313735962, 33.10781478881836]","[3.4528727531433105, 34.07758712768555]",3475.742782592773
,142.0,test_data_5_modified.csv,adam,huber,"['normalization', 'dropout', 200, 'dropout', 150, 'dropout', 100, 'dropout', 100, 'dropout', 100, 'dropout', 50, 'dropout', 20]",0.0,<keras.layers.activation.leaky_relu.LeakyReLU object at 0x0000017F34257940>,20000.0,1000.0,0.3,"[3.4278950691223145, 34.70720672607422]","[3.4407882690429688, 35.00320816040039]",3458.3128809928894
,143.0,test_data_5_modified.csv,adam,mean_absolute_percentage_error,"['normalization', 'dropout', 200, 'dropout', 150, 'dropout', 100, 'dropout', 100, 'dropout', 100, 'dropout', 50, 'dropout', 20]",0.0,<keras.layers.activation.leaky_relu.LeakyReLU object at 0x0000017F3155A1A0>,20000.0,1000.0,0.1,"[27.989028930664062, 36.467041015625]","[36.58186721801758, 40.457496643066406]",3507.670742750168
,144.0,test_data_5_modified.csv,adam,mean_absolute_percentage_error,"['normalization', 'dropout', 200, 'dropout', 150, 'dropout', 100, 'dropout', 100, 'dropout', 100, 'dropout', 50, 'dropout', 20]",0.0,<keras.layers.activation.leaky_relu.LeakyReLU object at 0x0000017F423F0D30>,20000.0,1000.0,0.2,"[34.249393463134766, 40.46548843383789]","[34.92987060546875, 37.937442779541016]",3491.887020111084
,145.0,test_data_5_modified.csv,adam,mean_absolute_percentage_error,"['normalization', 'dropout', 200, 'dropout', 150, 'dropout', 100, 'dropout', 100, 'dropout', 100, 'dropout', 50, 'dropout', 20]",0.0,<keras.layers.activation.leaky_relu.LeakyReLU object at 0x0000017F3113F3D0>,20000.0,1000.0,0.3,"[36.26051712036133, 46.01333236694336]","[35.19551467895508, 43.77742385864258]",3460.190073251724
,146.0,test_data_5_modified_small.csv,adam,mean_squared_error,"['normalization', 'dropout', 200, 'dropout', 150, 'dropout', 100, 'dropout', 100, 'dropout', 100, 'dropout', 50, 'dropout', 20]",0.0,<keras.layers.activation.leaky_relu.LeakyReLU object at 0x0000017F34307880>,20000.0,1000.0,0.1,"[17.83844757080078, 17.83844757080078]","[33.622100830078125, 33.622100830078125]",3299.5522339344025
,147.0,test_data_5_modified_small.csv,adam,mean_squared_error,"['normalization', 'dropout', 200, 'dropout', 150, 'dropout', 100, 'dropout', 100, 'dropout', 100, 'dropout', 50, 'dropout', 20]",0.0,<keras.layers.activation.leaky_relu.LeakyReLU object at 0x0000017F2D200400>,20000.0,1000.0,0.2,"[28.65053939819336, 28.65053939819336]","[33.548851013183594, 33.548851013183594]",3327.078061580658
,148.0,test_data_5_modified_small.csv,adam,mean_squared_error,"['normalization', 'dropout', 200, 'dropout', 150, 'dropout', 100, 'dropout', 100, 'dropout', 100, 'dropout', 50, 'dropout', 20]",0.0,<keras.layers.activation.leaky_relu.LeakyReLU object at 0x0000017F2BD79390>,20000.0,1000.0,0.3,"[31.439786911010742, 31.439786911010742]","[39.54520797729492, 39.54520797729492]",3360.7956426143646
,149.0,test_data_5_modified_small.csv,adam,huber,"['normalization', 'dropout', 200, 'dropout', 150, 'dropout', 100, 'dropout', 100, 'dropout', 100, 'dropout', 50, 'dropout', 20]",0.0,<keras.layers.activation.leaky_relu.LeakyReLU object at 0x0000017F418E4D30>,20000.0,1000.0,0.1,"[2.255702495574951, 20.070940017700195]","[3.4032411575317383, 32.60850143432617]",3415.2740099430084
,150.0,test_data_5_modified_small.csv,adam,huber,"['normalization', 'dropout', 200, 'dropout', 150, 'dropout', 100, 'dropout', 100, 'dropout', 100, 'dropout', 50, 'dropout', 20]",0.0,<keras.layers.activation.leaky_relu.LeakyReLU object at 0x0000017F310CAF80>,20000.0,1000.0,0.2,"[3.1420130729675293, 30.535709381103516]","[3.603846311569214, 38.1264533996582]",3353.424621105194
,151.0,test_data_5_modified_small.csv,adam,huber,"['normalization', 'dropout', 200, 'dropout', 150, 'dropout', 100, 'dropout', 100, 'dropout', 100, 'dropout', 50, 'dropout', 20]",0.0,<keras.layers.activation.leaky_relu.LeakyReLU object at 0x0000017F31409930>,20000.0,1000.0,0.3,"[3.3650858402252197, 33.43917465209961]","[3.347174882888794, 30.652448654174805]",3409.090808868408
,152.0,test_data_5_modified_small.csv,adam,mean_absolute_percentage_error,"['normalization', 'dropout', 200, 'dropout', 150, 'dropout', 100, 'dropout', 100, 'dropout', 100, 'dropout', 50, 'dropout', 20]",0.0,<keras.layers.activation.leaky_relu.LeakyReLU object at 0x0000017F2BD79240>,20000.0,1000.0,0.1,"[24.71926498413086, 34.78546905517578]","[35.05405807495117, 37.97574996948242]",3329.2910759449005
,153.0,test_data_5_modified_small.csv,adam,mean_absolute_percentage_error,"['normalization', 'dropout', 200, 'dropout', 150, 'dropout', 100, 'dropout', 100, 'dropout', 100, 'dropout', 50, 'dropout', 20]",0.0,<keras.layers.activation.leaky_relu.LeakyReLU object at 0x0000017F44EC7D90>,20000.0,1000.0,0.2,"[32.233882904052734, 37.9568977355957]","[34.81229782104492, 38.703765869140625]",3331.1145906448364
,154.0,test_data_5_modified_small.csv,adam,mean_absolute_percentage_error,"['normalization', 'dropout', 200, 'dropout', 150, 'dropout', 100, 'dropout', 100, 'dropout', 100, 'dropout', 50, 'dropout', 20]",0.0,<keras.layers.activation.leaky_relu.LeakyReLU object at 0x0000017F44EC5330>,20000.0,1000.0,0.3,"[34.95917892456055, 41.79683303833008]","[36.3931884765625, 41.62055587768555]",3238.405517816544
,155.0,test_data_5_modified.csv,adam,huber,"['normalization', 'dropout', 200, 'dropout', 150, 'dropout', 100, 'dropout', 100, 'dropout', 100, 'dropout', 50, 'dropout', 20]",0.0,<keras.layers.activation.leaky_relu.LeakyReLU object at 0x000001944E8FDBA0>,100000.0,1000.0,0.3,"[3.3071815967559814, 32.18808364868164]","[3.3976848125457764, 33.957130432128906]",16581.866233348846
,156.0,test_data_5_modified.csv,adam,huber,"['normalization', 'dropout', 200, 'dropout', 150, 'dropout', 100, 'dropout', 100, 'dropout', 100, 'dropout', 50, 'dropout', 20]",0.0,<keras.layers.activation.leaky_relu.LeakyReLU object at 0x0000017A2E8FDBA0>,100000.0,1000.0,0.1,"[2.1919004917144775, 17.41225814819336]","[3.548140525817871, 34.035667419433594]",69117.71239733696
,157.0,test_data_6_modified.csv,adam,huber,"['normalization', 'dropout', 200, 'dropout', 150, 'dropout', 100, 'dropout', 100, 'dropout', 100, 'dropout', 50, 'dropout', 20]",0.0,<keras.layers.activation.leaky_relu.LeakyReLU object at 0x00000277840FDCC0>,20000.0,1000.0,0.1,"[2.7652392387390137, 25.842613220214844]","[3.2484614849090576, 30.18122100830078]",5227.577761173248
,158.0,test_data_6_modified.csv,adam,huber,"['normalization', 'dropout', 200, 'dropout', 150, 'dropout', 100, 'dropout', 100, 'dropout', 100, 'dropout', 50, 'dropout', 20]",0.0,<keras.layers.activation.leaky_relu.LeakyReLU object at 0x000002778956E9E0>,20000.0,1000.0,0.2,"[3.3107643127441406, 33.08945846557617]","[3.451925277709961, 35.765525817871094]",3610.150542497635
,159.0,test_data_6_modified.csv,adam,huber,"['normalization', 'dropout', 200, 'dropout', 150, 'dropout', 100, 'dropout', 100, 'dropout', 100, 'dropout', 50, 'dropout', 20]",0.0,<keras.layers.activation.leaky_relu.LeakyReLU object at 0x00000277865A62C0>,20000.0,1000.0,0.3,"[3.419466257095337, 34.41841125488281]","[3.3555774688720703, 32.527950286865234]",3432.469383716584
,160.0,test_data_6_modified.csv,adam,mean_squared_error,"['normalization', 'dropout', 200, 'dropout', 150, 'dropout', 100, 'dropout', 100, 'dropout', 100, 'dropout', 50, 'dropout', 20]",0.0,<keras.layers.activation.leaky_relu.LeakyReLU object at 0x00000277840FE080>,20000.0,1000.0,0.1,"[33.80348587036133, 33.80348587036133]","[33.962623596191406, 33.962623596191406]",3453.468876600265
,161.0,test_data_6_modified.csv,adam,mean_squared_error,"['normalization', 'dropout', 200, 'dropout', 150, 'dropout', 100, 'dropout', 100, 'dropout', 100, 'dropout', 50, 'dropout', 20]",0.0,<keras.layers.activation.leaky_relu.LeakyReLU object at 0x0000027786B896F0>,20000.0,1000.0,0.2,"[34.1497917175293, 34.1497917175293]","[34.08967208862305, 34.08967208862305]",3387.154905796051
,162.0,test_data_6_modified.csv,adam,mean_squared_error,"['normalization', 'dropout', 200, 'dropout', 150, 'dropout', 100, 'dropout', 100, 'dropout', 100, 'dropout', 50, 'dropout', 20]",0.0,<keras.layers.activation.leaky_relu.LeakyReLU object at 0x000002778956E170>,20000.0,1000.0,0.3,"[33.77285385131836, 33.77285385131836]","[36.28904342651367, 36.28904342651367]",3415.584834814072
,163.0,test_data_6_modified_small.csv,adam,huber,"['normalization', 'dropout', 200, 'dropout', 150, 'dropout', 100, 'dropout', 100, 'dropout', 100, 'dropout', 50, 'dropout', 20]",0.0,<keras.layers.activation.leaky_relu.LeakyReLU object at 0x000002779735F8B0>,20000.0,1000.0,0.1,"[2.2509379386901855, 19.2402400970459]","[3.758533477783203, 42.167747497558594]",3379.870207309723
,164.0,test_data_6_modified_small.csv,adam,huber,"['normalization', 'dropout', 200, 'dropout', 150, 'dropout', 100, 'dropout', 100, 'dropout', 100, 'dropout', 50, 'dropout', 20]",0.0,<keras.layers.activation.leaky_relu.LeakyReLU object at 0x0000027797208A90>,20000.0,1000.0,0.2,"[3.134521961212158, 30.46656608581543]","[3.2489068508148193, 30.43611717224121]",3475.1436035633087
,165.0,test_data_6_modified_small.csv,adam,huber,"['normalization', 'dropout', 200, 'dropout', 150, 'dropout', 100, 'dropout', 100, 'dropout', 100, 'dropout', 50, 'dropout', 20]",0.0,<keras.layers.activation.leaky_relu.LeakyReLU object at 0x00000277512779D0>,20000.0,1000.0,0.3,"[3.3417861461639404, 33.720645904541016]","[3.5043752193450928, 36.22738265991211]",3503.6792871952057
,166.0,test_data_6_modified_small.csv,adam,mean_squared_error,"['normalization', 'dropout', 200, 'dropout', 150, 'dropout', 100, 'dropout', 100, 'dropout', 100, 'dropout', 50, 'dropout', 20]",0.0,<keras.layers.activation.leaky_relu.LeakyReLU object at 0x000002778956CEB0>,20000.0,1000.0,0.1,"[17.63503074645996, 17.63503074645996]","[32.939693450927734, 32.939693450927734]",3452.824469089508
,167.0,test_data_6_modified_small.csv,adam,mean_squared_error,"['normalization', 'dropout', 200, 'dropout', 150, 'dropout', 100, 'dropout', 100, 'dropout', 100, 'dropout', 50, 'dropout', 20]",0.0,<keras.layers.activation.leaky_relu.LeakyReLU object at 0x00000277512779D0>,20000.0,1000.0,0.2,"[29.320274353027344, 29.320274353027344]","[31.839200973510742, 31.839200973510742]",3363.8761074543
,168.0,test_data_6_modified_small.csv,adam,mean_squared_error,"['normalization', 'dropout', 200, 'dropout', 150, 'dropout', 100, 'dropout', 100, 'dropout', 100, 'dropout', 50, 'dropout', 20]",0.0,<keras.layers.activation.leaky_relu.LeakyReLU object at 0x0000027786522B00>,20000.0,1000.0,0.3,"[33.072261810302734, 33.072261810302734]","[35.33606719970703, 35.33606719970703]",5301.71079826355
,169.0,test_data_6_modified.csv,adam,huber,"['normalization', 'dropout', 200, 'dropout', 150, 'dropout', 100, 'dropout', 100, 'dropout', 100, 'dropout', 50, 'dropout', 20]",0.0,<keras.layers.activation.leaky_relu.LeakyReLU object at 0x000002AAAEAFDC60>,100000.0,1000.0,0.1,"[2.1993677616119385, 16.73558235168457]","[3.3081202507019043, 31.56434440612793]",32614.904515743256
,170.0,test_data_6_modified.csv,adam,huber,"['normalization', 'dropout', 200, 'dropout', 150, 'dropout', 100, 'dropout', 100, 'dropout', 100, 'dropout', 50, 'dropout', 20]",0.0,<keras.layers.activation.leaky_relu.LeakyReLU object at 0x000002AAAEAFE3E0>,100000.0,1000.0,0.2,"[3.0636510848999023, 28.262235641479492]","[3.46293568611145, 34.565792083740234]",17867.19712138176
,171.0,test_data_6_modified_small.csv,adam,huber,"['normalization', 'dropout', 200, 'dropout', 150, 'dropout', 100, 'dropout', 100, 'dropout', 100, 'dropout', 50, 'dropout', 20]",0.0,<keras.layers.activation.leaky_relu.LeakyReLU object at 0x000002AAAF6C3F10>,100000.0,1000.0,0.1,"[1.9351691007614136, 13.574785232543945]","[3.450965642929077, 35.148990631103516]",23619.23048877716
,172.0,test_data_6_modified_small.csv,adam,huber,"['normalization', 'dropout', 200, 'dropout', 150, 'dropout', 100, 'dropout', 100, 'dropout', 100, 'dropout', 50, 'dropout', 20]",0.0,<keras.layers.activation.leaky_relu.LeakyReLU object at 0x000002AAAE175ED0>,100000.0,1000.0,0.2,"[3.057568073272705, 28.849454879760742]","[3.5092008113861084, 36.58591842651367]",37288.57390666008
,173.0,test_data_6_modified.csv,adam,huber,"['normalization', 'dropout', 200, 'dropout', 150, 'dropout', 100, 'dropout', 100, 'dropout', 100, 'dropout', 50, 'dropout', 20]",0.0,<keras.layers.activation.leaky_relu.LeakyReLU object at 0x00000259213FDC90>,100000.0,1000.0,0.1,"[2.079712390899658, 16.01007080078125]","[3.3835031986236572, 33.19259262084961]",19067.506591558456
,174.0,test_data_6_modified.csv,adam,huber,"['normalization', 'dropout', 200, 'dropout', 150, 'dropout', 100, 'dropout', 100, 'dropout', 100, 'dropout', 50, 'dropout', 20]",0.0,<keras.layers.activation.leaky_relu.LeakyReLU object at 0x000002598049E320>,100000.0,1000.0,0.2,"[3.113416910171509, 29.226900100708008]","[3.3842508792877197, 32.56911849975586]",23232.902452468872
,175.0,test_data_6_modified.csv,adam,huber,"['normalization', 'dropout', 200, 'dropout', 150, 'dropout', 100, 'dropout', 100, 'dropout', 100, 'dropout', 50, 'dropout', 20]",0.0,<keras.layers.activation.leaky_relu.LeakyReLU object at 0x0000025997B062F0>,100000.0,1000.0,0.3,"[3.290292739868164, 32.03025436401367]","[3.408033609390259, 33.63236999511719]",39340.56419992447
,176.0,test_data_6_modified.csv,adam,huber,"['normalization', 'dropout', 200, 'dropout', 150, 'dropout', 100, 'dropout', 100, 'dropout', 100, 'dropout', 50, 'dropout', 20]",0.0,<keras.layers.activation.relu.ReLU object at 0x000002B1779777F0>,20000.0,1000.0,0.2,"[3.508925676345825, 35.55720138549805]","[3.4579529762268066, 32.23621368408203]",4554.183277606964
,177.0,test_data_6_modified.csv,adam,huber,"['normalization', 'dropout', 200, 'dropout', 150, 'dropout', 100, 'dropout', 100, 'dropout', 100, 'dropout', 50, 'dropout', 20]",0.0,<keras.layers.activation.leaky_relu.LeakyReLU object at 0x000002B1508FE0B0>,20000.0,1000.0,0.2,"[3.2777700424194336, 32.708126068115234]","[3.52793288230896, 39.683528900146484]",17627.061972618103
,178.0,test_data_6_modified.csv,adam,huber,"['normalization', 'dropout', 200, 'dropout', 150, 'dropout', 100, 'dropout', 100, 'dropout', 100, 'dropout', 50, 'dropout', 20]",0.0,<keras.layers.activation.leaky_relu.LeakyReLU object at 0x00000258B91777F0>,25000.0,1000.0,0.2,"[3.266582727432251, 32.14522933959961]","[3.4148056507110596, 34.75615310668945]",52417.38578891754
,179.0,test_data_6_modified_small.csv,adam,huber,"['normalization', 'dropout', 200, 'dropout', 150, 'dropout', 100, 'dropout', 100, 'dropout', 100, 'dropout', 50, 'dropout', 20]",0.0,<keras.layers.activation.leaky_relu.LeakyReLU object at 0x000002590736A890>,25000.0,1000.0,0.2,"[3.093808650970459, 30.48389434814453]","[3.3165459632873535, 32.791229248046875]",10090.679577112198
,180.0,test_data_6_modified_without_derived.csv,adam,huber,"['normalization', 'dropout', 200, 'dropout', 150, 'dropout', 100, 'dropout', 100, 'dropout', 100, 'dropout', 50, 'dropout', 20]",0.0,<keras.layers.activation.leaky_relu.LeakyReLU object at 0x00000259007AD2D0>,25000.0,1000.0,0.2,"[3.2522172927856445, 32.70991897583008]","[3.376962423324585, 30.786741256713867]",19397.4080080986
,181.0,test_data_6_modified_without_meta.csv,adam,huber,"['normalization', 'dropout', 200, 'dropout', 150, 'dropout', 100, 'dropout', 100, 'dropout', 100, 'dropout', 50, 'dropout', 20]",0.0,<keras.layers.activation.leaky_relu.LeakyReLU object at 0x0000025902D5BF70>,25000.0,1000.0,0.2,"[3.273136615753174, 31.7712345123291]","[3.4656333923339844, 36.10532760620117]",43378.72509932518
,182.0,test_data_6_modified_without_radiation.csv,adam,huber,"['normalization', 'dropout', 200, 'dropout', 150, 'dropout', 100, 'dropout', 100, 'dropout', 100, 'dropout', 50, 'dropout', 20]",0.0,<keras.layers.activation.leaky_relu.LeakyReLU object at 0x0000025902CBD720>,25000.0,1000.0,0.2,"[3.199734687805176, 31.284379959106445]","[3.420705795288086, 33.9329948425293]",9495.592596054075
,183.0,test_data_6_modified_without_surface.csv,adam,huber,"['normalization', 'dropout', 200, 'dropout', 150, 'dropout', 100, 'dropout', 100, 'dropout', 100, 'dropout', 50, 'dropout', 20]",0.0,<keras.layers.activation.leaky_relu.LeakyReLU object at 0x000002590509D360>,25000.0,1000.0,0.2,"[2.8787143230438232, 27.010557174682617]","[3.4167723655700684, 35.12174987792969]",22694.46369767189
,184.0,test_data_6_modified_without_temperature.csv,adam,huber,"['normalization', 'dropout', 200, 'dropout', 150, 'dropout', 100, 'dropout', 100, 'dropout', 100, 'dropout', 50, 'dropout', 20]",0.0,<keras.layers.activation.leaky_relu.LeakyReLU object at 0x000002590184E080>,25000.0,1000.0,0.2,"[3.2141945362091064, 30.933822631835938]","[3.512871265411377, 36.928775787353516]",6380.713462114334
,185.0,test_data_6_modified_without_upper.csv,adam,huber,"['normalization', 'dropout', 200, 'dropout', 150, 'dropout', 100, 'dropout', 100, 'dropout', 100, 'dropout', 50, 'dropout', 20]",0.0,<keras.layers.activation.leaky_relu.LeakyReLU object at 0x0000025907378C10>,25000.0,1000.0,0.2,"[3.3901479244232178, 33.71319580078125]","[3.398984909057617, 33.79213333129883]",7549.253707647324
